Телескоп,Location,ID,Широта (град),Долгота (град),Высота над уровнем моря (км),Широта (рад),Долгота (рад),X  (км),Y  (км),Z  (км),0,15,30,45,60,75,90,105,120,135,150,165,180,195,210,225,240,255,270,285,300,315,330,345,360
Монды АЗТ-14,Mondy,10003,"51,622227","100,921765","2,008","0,9009778284","1,7614170862","-752,0464182274","3897,3479261745","4978,3907247915",10,10,10,10,10,10,10,10,10,10,10,10,10,10,10,10,10,10,10,10,10,10,10,10,10
Абастумани,Abastumani,10007,"41,754583","42,8225","1,5757","0,7287549511","0,7473936189","3495,9564627346","3239,8421858072","4226,3570064127",10,10,10,10,10,10,10,10,10,10,10,10,10,10,10,10,10,10,10,10,10,10,10,10,10
Китаб,Kitab,10009,"39,133724","66,886365","0,6635","0,6830123324","1,1673872939","1944,9131707836","4556,779928007","4004,2620679944",15,15,13,12,10,8,5,5,7,8,9,10,10,10,10,10,10,10,10,8,7,5,10,12,15
Архыз Цейсс-600,Arhyz,10010,"43,6499988889","41,4315861111","2,0795","0,7618361991","0,723117592","3466,75938923","3059,757797842","4381,4708160235",53,51,46,40,38,33,20,10,10,10,10,10,10,10,13,18,17,15,40,47,52,55,55,54,53
Терскол (Цейсс-600),Terskol,10011,"43,275","42,500472","3,125","0,7552912338","0,7417731701","3430,7755592948","3143,7785900333","4351,9376223273",10,10,10,10,10,10,10,10,10,10,10,10,10,10,10,10,10,10,10,10,10,10,10,10,10
Терскол Цейсс-2000,Terskol,10012,"43,2763100221","42,4993900235","3,127","0,755314098","0,741754286","3430,7624047897","3143,6473505407","4352,0450085456",10,10,10,10,10,10,10,10,10,10,10,10,10,10,10,10,10,10,10,10,10,10,10,10,10
Маяки РК-600,Mayaki,10016,"46,397372248","30,2715939927","0,0144","0,80978691","0,528338985","3805,6116264394","2221,2896127816","4595,8305950477",10,10,10,10,10,10,10,10,10,10,10,10,10,10,10,10,10,10,10,10,10,10,10,10,10
Евпатория АЗТ-8,Evpatoriya,10018,"45,2191436887","33,1627990156","0,041","0,7892229423","0,578800032","3767,3446650809","2461,7892516673","4504,56562381",10,10,10,10,10,10,10,10,10,10,10,10,10,10,10,10,10,10,10,10,10,10,10,10,10
Симеиз Цейсс-1000,Simeiz,10019,"44,4123719988","33,9912499789","0,3791","0,77514212","0,593259229","3783,9502980934","2551,4660078498","4441,2031232474",10,10,10,10,10,10,10,10,10,10,10,10,10,10,10,10,10,10,10,10,10,10,10,10,10
Сары-Шаган АЗТ-28,Sary-Shagan,10021,"45,9084954363","73,6052408754","0,35","0,8012544","1,2846538","1254,8644819398","4265,1040822196","4558,4278706591",7,7,7,7,7,7,13,8,7,7,7,7,7,7,7,8,10,14,15,14,10,8,7,7,7
Пулково (АКД),Pulkovo,10024,"59,771864","30,327333","0,1","1,0432158269","0,5293118142","2778,6169775415","1625,4713313057","5487,8113933645",10,10,10,10,10,10,10,10,10,10,10,10,10,10,10,10,10,10,10,10,10,10,10,10,10
Коуровка СБГ,Kourovka,10025,"57,0363889142","59,5416666977","0,3","0,99547278","1,039198126","1763,4207392446","2998,6788485284","5328,3577534795",10,10,10,10,10,10,10,10,10,10,10,10,10,10,10,10,10,10,10,10,10,10,10,10,10
Научный-1 АТ-64,Nauchny-1,10031,"44,7263333327","34,0160499987","0,57","0,780621779","0,593692071","3762,6627010782","2539,4818822916","4466,1934890208",1,3,8,9,13,13,14,15,17,16,16,16,44,44,44,44,15,14,13,12,12,9,19,2,1
Абастумани (40см),Abastumani,10033,"41,757028","42,8142","1,6098","0,7287976244","0,7472487566","3496,3117205405","3239,2300678718","4226,5823492083",10,10,10,10,10,10,10,10,10,10,10,10,10,10,10,10,10,10,10,10,10,10,10,10,10
Майданак АЗТ-22,Majdanak,10040,"38,6848325168","66,9430630733","2,714","0,675177698","1,168376862","1953,2894660711","4588,9773076355","3966,7625379769",10,10,10,10,10,10,10,10,10,10,10,10,10,10,10,10,10,10,10,10,10,10,10,10,10
Майданак Цейсс-600,Majdanak,10041,"38,6733200185","66,8964099849","2,593","0,674976767","1,167562612","1957,3018610237","4588,0333785047","3965,6888238903",10,10,10,10,10,10,10,10,10,10,10,10,10,10,10,10,10,10,10,10,10,10,10,10,10
Гиссар АЗТ-8,Gissar,10044,"38,4909219984","68,6825840242","0,7322","0,671793321","1,19873723","1817,4065878441","4657,2234980749","3948,6964159927",10,10,10,10,10,10,10,10,10,10,10,10,10,10,10,10,10,10,10,10,10,10,10,10,10
Санглок Цейсс-600,Sanglock,10045,"38,2603780187","69,2173917353","2,29002","0,6677695695","1,2080713854","1779,9286849031","4689,9833035555","3929,5963601162",10,10,10,10,10,10,10,10,10,10,10,10,10,10,10,10,10,10,10,10,10,10,10,10,10
Санглок VT-78e,Sanglock,10046,"38,261323","69,218654","2,2861","0,6677860625","1,2080934161","1779,8012144012","4689,9588867583","3929,6763252555",10,10,10,10,10,10,10,10,10,10,10,10,10,10,10,10,10,10,10,10,10,10,10,10,10
Краснодар РК-504,Krasnodar,10049,"45,020222","39,0307745","0,071","0,7857511039","0,6812155246","3508,1043235802","2843,9280900406","4488,9874394086",10,10,10,10,10,10,10,10,10,10,10,10,10,10,10,10,10,10,10,10,10,10,10,10,10
Благовещенск,Blagoveshchensk,10055,"50,318648","127,48208","0,22","0,8782260828","2,2249820333","-2483,2147063197","3238,2849964087","4885,6656297651",10,10,10,10,10,10,10,10,10,10,10,10,10,10,10,10,10,10,10,10,10,10,10,10,10
Китаб ОРИ-40,Kitab,10058,"39,1357920129","66,8856199864","0,65771","0,683048426","1,167374291","1944,9137689654","4556,6172231219","4004,4365142616",15,15,15,10,10,8,5,5,7,10,10,10,10,10,10,10,10,10,10,10,10,5,5,10,15
Китаб ОРИ-22,Kitab,10059,"39,1357920129","66,8856199864","0,65771","0,683048426","1,167374291","1944,9137689654","4556,6172231219","4004,4365142616",15,15,15,10,10,8,5,5,7,10,10,10,10,10,10,10,10,10,10,10,10,5,5,10,15
Тирасполь SRT-220,Tiraspol,10060,"46,83","29,59","0,02793","0,8173376887","0,5164429257","3801,3820251197","2158,6080574891","4628,8757489583",10,10,10,10,10,10,10,10,10,10,10,10,10,10,10,10,10,10,10,10,10,10,10,10,10
Тирасполь ОРИ-25,Tiraspol,10062,"46,83","29,59","0,02793","0,8173376887","0,5164429257","3801,3820251197","2158,6080574891","4628,8757489583",10,10,10,10,10,10,10,10,10,10,10,10,10,10,10,10,10,10,10,10,10,10,10,10,10
Тирасполь,Tiraspol,10064,"46,83626","29,631726","0,455","0,8174469463","0,5171711817","3799,6217492113","2161,2693552443","4629,6633457706",10,10,10,10,10,10,10,10,10,10,10,10,10,10,10,10,10,10,10,10,10,10,10,10,10
Уссурийск,Ussurijsk,10065,"43,700827","132,163386","0,273","0,762723317","2,3066862363","-3100,2902818284","3423,537760603","4384,3085409033",10,10,10,10,10,10,10,10,10,10,10,10,10,10,10,10,10,10,10,10,10,10,10,10,10
Уссурийск (22см),Ussurijsk,10066,"43,700999","132,162602","0,2687","0,762726319","2,3066725529","-3100,2324864372","3423,5680912385","4384,319386557",10,10,10,10,10,10,10,10,10,10,10,10,10,10,10,10,10,10,10,10,10,10,10,10,10
Уссурийск ОРИ-22,Ussurijsk,10067,"43,7008270003","132,1625791446","0,2738","0,762723317","2,306672154","-3100,2424584932","3423,5818481238","4384,3090936432",10,10,10,10,10,10,10,10,10,10,10,10,10,10,10,10,10,10,10,10,10,10,10,10,10
Уссурийск ОРИ-50,Ussurijsk,10068,"43,698411","132,165745","0,27692","0,7626811498","2,3067274086","-3100,5576333424","3423,5496780106","4384,1171712802",10,10,10,10,10,10,10,10,10,10,10,10,10,10,10,10,10,10,10,10,10,10,10,10,10
Китаб (22см),Kitab,10069,"39,133724","66,886365","0,6635","0,6830123324","1,1673872939","1944,9131707836","4556,779928007","4004,2620679944",10,10,10,10,10,10,10,10,10,10,10,10,10,10,10,10,10,10,10,10,10,10,10,10,10
Тариха,Tarija,10070,"-21,59625","-64,623583","1,855","-0,3769256686","-1,1278942978","2543,4421723022","-5362,1717472487","-2333,5860739564",10,10,10,10,10,10,10,10,10,10,10,10,10,10,10,10,10,10,10,10,10,10,10,10,10
Тариха Цейсс-600,Tarija,10071,"-21,5962759788","-64,6240790218","1,865","-0,376926122","-1,127902955","2543,3992815883","-5362,2012101978","-2333,5924299516",10,10,10,10,10,10,10,10,10,10,10,10,10,10,10,10,10,10,10,10,10,10,10,10,10
Тариха ОРИ-25,Tarija,10072,"-21,5962759788","-64,6240790276","1,865","-0,376926122","-1,1279029551","2543,3992810521","-5362,2012104521","-2333,5924299516",12,8,1,2,2,3,3,5,4,3,2,1,1,1,0,1,2,4,3,3,2,0,7,9,12
Тариха ТАЛ-250К,Tarija,10073,0,0,0,0,0,0,0,0,10,10,10,10,10,10,10,10,10,10,10,10,10,10,10,10,10,10,10,10,10,10,10,10,10
Благовещенск ТАЛ-250К,Blagoveshchensk,10074,0,0,0,0,0,0,0,0,10,10,10,10,10,10,10,10,10,10,10,10,10,10,10,10,10,10,10,10,10,10,10,10,10
Благовещенск ЧВ-500,Blagoveshchensk,10075,"50,31883488","127,4822789","0,22564","0,8782293444","2,2249855048","-2483,2184037018","3238,2665379441","4885,6832440604",34,34,32,15,15,15,15,14,14,13,13,13,15,13,13,15,16,15,16,26,27,32,34,34,34
Артем ОРИ-25,Artem,10078,"43,3401889721","132,0706660056","0,0161","0,756428996","2,3050679671","-3113,1090754407","3448,894105487","4355,0766539479",10,10,10,10,10,10,10,10,10,10,10,10,10,10,10,10,10,10,10,10,10,10,10,10,10
Паратунка,Paratunka,10080,"52,972038","158,24764","0,0866","0,9245364746","2,7619423515","-3575,130395129","1426,5030998373","5068,7393178633",10,10,10,10,10,10,10,10,10,10,10,10,10,10,10,10,10,10,10,10,10,10,10,10,10
Мильково,Milkovo,10081,"54,582724","158,427003","0,2014","0,9526482485","2,7650728264","-3445,1512177558","1362,1540174522","5174,7661177897",10,10,10,10,10,10,10,10,10,10,10,10,10,10,10,10,10,10,10,10,10,10,10,10,10
Мильково,Milkovo,10082,"54,694557","158,625929","0,17442","0,9546001026","2,7685447401","-3440,3908705641","1346,4787028498","5181,9488935731",10,10,10,10,10,10,10,10,10,10,10,10,10,10,10,10,10,10,10,10,10,10,10,10,10
Мильково ОРИ-22,Milkovo,10083,"54,7015348","158,629466","0,175","0,9547218882","2,7686064724","-3439,8839444297","1346,0354325756","5182,3982543208",10,10,10,10,10,10,10,10,10,10,10,10,10,10,10,10,10,10,10,10,10,10,10,10,10
Елизово-Камчатка Meade-25,Elizovo-Kamchatka,10084,"53,179496","158,520867","0,115","0,9281572998","2,7667110623","-3564,7328526714","1402,6861140671","5082,6322562387",10,10,10,10,10,10,10,10,10,10,10,10,10,10,10,10,10,10,10,10,10,10,10,10,10
Красноярск,Krasnoyarsk,10085,"56,01208","92,974849","0,1224","0,9775952169","1,6227172366","-185,4713693284","3568,9797558075","5265,2957276359",10,10,10,10,10,10,10,10,10,10,10,10,10,10,10,10,10,10,10,10,10,10,10,10,10
Барнаул ТАЛ-250,Barnaul,10088,"53,349014","83,767377","0,2197","0,931115947","1,4620165344","414,2550716743","3793,1660479202","5094,0006067315",3,3,3,2,2,2,0,2,1,2,2,4,5,6,6,7,9,7,6,3,2,2,2,3,3
Маяки ОМТ-800,Mayaki,10090,"46,39696195","30,27127709","0,0189411765","0,809779749","0,528333454","3805,655140689","2221,2867913129","4595,8024293659",10,10,10,10,10,10,10,10,10,10,10,10,10,10,10,10,10,10,10,10,10,10,10,10,10
Ужгород BRC-250,Uzhgorod,10092,"48,5635510197","22,453751235","0,230871","0,8475938618","0,3918918885","3908,4806287035","1615,2507251032","4758,7504518783",15,30,55,65,65,65,65,1,1,1,1,1,1,1,10,15,10,10,10,10,10,10,10,10,15
Кисловодск ЭОП 1.1 2 x VT78a,Kislovodsk,10093,"43,740274","42,6536549966","2,1062","0,763411797","0,7444467177","3395,6303202873","3128,3158457717","4388,7436890144",30,30,30,30,20,8,1,1,1,1,1,1,1,1,1,1,1,1,1,1,20,30,30,30,30
Кисловодск ЭОП 1.1 ОРИ-25,Kislovodsk,10094,"43,7402722855","42,65359","2,10716","0,7634117671","0,7444455833","3395,6344760635","3128,312552969","4388,7442150722",30,30,30,30,30,20,1,1,1,1,1,1,1,1,1,1,1,1,1,1,1,20,30,30,30
Кисловодск ОЭС 50 ЧВ-500,Kislovodsk,10095,"43,740272","42,653441","2,10696","0,7634117621","0,7444429828","3395,6425212164","3128,3036394307","4388,7440538723",30,30,30,30,10,10,10,10,10,10,10,10,10,10,10,10,10,10,10,10,10,30,30,30,30
Кисловодск ЭОП 1.1 Сантел-400АН,Kislovodsk,10097,"43,7402559504","42,6537329996","2,1068","0,763411482","0,7444480791","3395,6274002629","3128,3217021142","4388,7426544782",43,43,30,30,30,3,3,3,3,3,3,3,3,3,3,3,3,3,3,3,30,30,30,30,30
Кисловодск VT-78e,Kislovodsk,10098,"43,740272","42,653441","2,10696","0,7634117621","0,7444429828","3395,6425212164","3128,3036394307","4388,7440538723",35,35,35,35,2,2,2,2,2,2,2,2,2,2,2,2,2,2,2,2,35,35,35,35,35
Монды АЗТ-33ИК,Mondy,10103,"51,6202916667","100,9214666667","1,993","0,9009440504","1,7614118793","-752,0563518915","3897,5084912445","4978,2452376661",10,10,10,10,10,10,10,10,10,10,10,10,10,10,10,10,10,10,10,10,10,10,10,10,10
Монды Мон3 АЗТ-33ВМ,Mondy,10104,"51,6202919747","100,9229593774","2,0194583391","0,9009440558","1,761437932","-752,161","3897,505","4978,266",10,10,10,10,10,10,10,10,10,10,10,10,10,10,10,10,10,10,10,10,10,10,10,10,10
Архыз Сажень-ТМ,Arhyz,10110,"43,6498683333","41,4314416649","2,0784","0,7618339205","0,7231150709","3466,7740155275","3059,7551588233","4381,459557616",10,10,10,10,10,10,10,10,10,10,10,10,10,10,10,10,10,10,10,10,10,10,10,10,10
Терскол К-800,Terskol,10111,"43,274571","42,500046","3,1075","0,7552837463","0,7417657349","3430,8136394364","3143,7665572928","4351,8909083061",10,8,5,3,3,3,3,3,3,3,3,4,5,4,4,3,3,3,3,3,4,6,7,9,10
Чугуев ТАЛ-250К,Chuguev,10112,0,0,0,0,0,0,0,0,10,10,10,10,10,10,10,10,10,10,10,10,10,10,10,10,10,10,10,10,10,10,10,10,10
Чугуев ОРИ-25,Chuguev,10114,"49,6409056","36,9358583","0,1524","0,8663972464","0,6446523394","3307,9218580907","2486,8968208114","4837,136204625",45,38,30,8,4,4,4,4,4,4,7,9,10,8,7,5,4,4,5,10,15,9,28,37,45
Маяки ТАЛ-250К,Mayaki,10116,"46,39697995","30,27129509","0,0185","0,8097800631","0,5283337682","3805,6529287366","2221,2871031349","4595,8034898095",30,25,12,10,8,7,7,7,7,7,7,7,7,7,7,7,7,7,7,7,7,8,10,22,30
"""Цейсс-1000 Восточный"" ТШАО АФИФ",Vostochnyj,10121,"43,0572222222","76,9716666667","2,724","0,7514902945","1,3434090141","1052,6826187761","4549,4041712559","4334,0085649643",10,10,10,10,10,10,10,10,10,10,10,10,10,10,10,10,10,10,10,10,10,10,10,10,10
Краснодар ГАМ-180,Krasnodar,10149,"45,020408","39,030814","0,04149","0,7857543502","0,681216214","3508,0748011025","2843,9081648382","4488,9811765464",10,10,10,10,10,10,10,10,10,10,10,10,10,10,10,10,10,10,10,10,10,10,10,10,10
Тариха Цейсс-600АА,Tarija,10171,"-21,5966802","-64,6238128","1,8625","-0,376933177","-1,1278983086","2543,416138517","-5362,1724035556","-2333,6331373413",10,10,10,10,10,10,10,10,10,10,10,10,10,10,10,10,10,10,10,10,10,10,10,10,10
Косала ЧВ-400,Cosala,10172,"24,40157","-106,609789","0,631","0,4258877392","-1,8606918329","-1661,4548830096","-5569,763669943","2619,1133686687",15,15,15,15,15,15,15,15,15,15,15,15,15,15,15,15,15,15,15,15,15,15,15,15,15
Циммервальд ZIMSPACE,Zimmervald,10189,"46,8769382731","7,4650855606","0,9551928762","0,8181569161","0,130290322","4331,311","567,543","4633,121",10,10,10,10,10,10,10,10,10,10,10,10,10,10,10,10,10,10,10,10,10,10,10,10,10
Барселона ТФРМ-50,Barcelona,10190,"42,0516167","0,7297778","1,569","0,7339391672","0,0127370254","4743,9409612662","60,4269643657","4250,9136675706",71,60,48,40,35,33,33,30,25,20,17,15,15,15,15,15,15,30,33,40,42,48,50,60,71
Циммервальд ZIMLAT,Zimmervald,10191,"46,8772284121","7,4652189466","0,9510848782","0,81816198","0,13029265","4331,2835484475","567,5496594148","4633,140052849",10,10,10,10,10,10,10,10,10,10,10,10,10,10,10,10,10,10,10,10,10,10,10,10,10
Циммервальд ZIMSMART,Zimmervald,10194,"46,8769361222","7,4652337277","0,9526767055","0,8181568786","0,130292908","4331,308","567,554","4633,119",10,10,10,10,10,10,10,10,10,10,10,10,10,10,10,10,10,10,10,10,10,10,10,10,10
Тенерифе,Tenerife,10198,"28,3010222533","-16,5118919998","2,444598","0,49394602","-0,2881868811","5390,2810048726","-1597,8909917233","3007,0779956549",10,10,10,10,10,10,10,10,10,10,10,10,10,10,10,10,10,10,10,10,10,10,10,10,10
Рожен (Шмидт),Rozhen,10231,"41,69662","24,73779","1,723","0,727743306","0,4317558852","4332,9645402896","1996,404506135","4221,6489817231",10,10,10,10,10,10,10,10,10,10,10,10,10,10,10,10,10,10,10,10,10,10,10,10,10
Рожен (Ц-600),Rozhen,10232,"41,696524","24,738391","1,716","0,7277416304","0,4317663746","4332,9452951993","1996,4507379324","4221,6363618406",10,10,10,10,10,10,10,10,10,10,10,10,10,10,10,10,10,10,10,10,10,10,10,10,10
Рожен (Ц-2000),Rozhen,10233,"41,692712","24,738595","1,72","0,7276750985","0,4317699351","4333,1967445937","1996,5852995945","4221,3227924583",10,10,10,10,10,10,10,10,10,10,10,10,10,10,10,10,10,10,10,10,10,10,10,10,10
Коллепардо ОРИ-22,Collepardo,10240,"41,7652786551","13,3750410077","0,561005","0,7289416255","0,2334385032","4635,5848832869","1102,2183696682","4226,5675001877",10,10,10,10,10,10,10,10,10,10,10,10,10,10,10,10,10,10,10,10,10,10,10,10,10
Хуралтогот VT-78a,Huraltogot,10260,"47,865223","107,051804","1,60401","0,8354057386","1,86840645","-1257,3730938616","4099,4218237541","4708,0253200154",15,10,8,15,13,10,6,12,13,10,12,16,22,26,15,20,21,18,20,11,15,7,6,5,15
Хуралтогот ОРИ-40,Huraltogot,10262,"47,865223","107,051804","1,60401","0,8354057386","1,86840645","-1257,3730938616","4099,4218237541","4708,0253200154",15,10,8,15,13,10,6,12,13,10,12,16,22,26,15,20,21,18,20,11,15,7,6,5,15
Уссурийск ОЭС 65 Сантел-650А,Ussurijsk,10265,"43,698562","132,165537","0,279","0,7626837853","2,3067237783","-3100,5384334758","3423,5534570647","4384,1307383748",30,30,28,25,25,25,24,23,21,15,15,15,15,12,10,10,20,30,30,30,30,30,30,30,30
Уссурийск ГАС-250,Ussurijsk,10266,"43,698612","132,165583","0,282","0,762684658","2,3067245812","-3100,540061594","3423,5497305757","4384,1368275525",15,15,15,15,15,15,15,15,15,15,15,15,15,15,15,15,15,15,15,15,15,15,15,15,15
Уссурийск VT-78а,Ussurijsk,10267,"43,6984666","132,1657346","0,278417","0,7626821202","2,3067272271","-3100,5548734377","3423,547879553","4384,122671952",65,60,65,50,43,25,5,1,1,1,1,1,1,1,1,1,1,5,20,47,47,55,55,60,65
Уссурийск ЧВ-500,Ussurijsk,10268,"43,698411","132,165745","0,27692","0,7626811498","2,3067274086","-3100,5576333424","3423,5496780106","4384,1171712802",10,10,10,10,10,10,10,10,10,10,10,10,10,10,10,10,10,10,10,10,10,10,10,10,10
Косала ОРИ-25,Cosala,10275,"24,4014892","-106,6098488","0,5923","0,4258863289","-1,8606928766","-1661,4516788932","-5569,7317068622","2619,0892295216",10,10,10,10,10,10,10,10,10,10,10,10,10,10,10,10,10,10,10,10,10,10,10,10,10
Косала ТАЛ-250К,Cosala,10276,0,0,0,0,0,0,0,0,10,10,10,10,10,10,10,10,10,10,10,10,10,10,10,10,10,10,10,10,10,10,10,10,10
Монтеррей ОРИ-25,Monterey,10280,"25,7263124","-100,3147704","0,53241","0,4490088558","-1,7508230319","-1029,5762657007","-5657,1020137604","2752,0093200272",10,10,10,10,10,10,10,10,10,10,10,10,10,10,10,10,10,10,10,10,10,10,10,10,10
Ужгород ЧВ-400,Uzhgorod,10292,"48,5633702","22,4535003","0,235434","0,8475907059","0,3918875088","3908,5044257136","1615,240518269","4758,7405653612",20,20,10,20,10,10,5,5,5,1,1,1,1,1,1,1,1,5,10,10,10,10,10,13,20
Бюракан ЭОП 1.2 ОРИ-25,Byurakan,10301,"40,34741","44,27465","1,572","0,7041951492","0,7727384177","3486,2266368861","3399,056051804","4108,4786636107",10,10,10,10,10,10,10,10,10,10,10,10,10,10,10,10,10,10,10,10,10,10,10,10,10
Бюракан ЭОП 1.2 2 x VT78a,Byurakan,10302,"40,34735","44,27454","1,572","0,704194102","0,7727364978","3486,2362517863","3399,052370656","4108,4735846596",10,10,10,10,10,10,10,10,10,10,10,10,10,10,10,10,10,10,10,10,10,10,10,10,10
Бюракан ЭОП 1.2 ОРИ-40,Byurakan,10303,"40,34737","44,27453","1,572","0,704194451","0,7727363233","3486,2358153039","3399,0507582159","4108,4752776438",10,10,10,10,10,10,10,10,10,10,10,10,10,10,10,10,10,10,10,10,10,10,10,10,10
Кисловодск ЭОП 2.2 4 x VT78a,Kislovodsk,10311,"43,740325","42,653238","2,08393","0,7634126871","0,7444394397","3395,6383722218","3128,2775753395","4388,7323870039",10,10,10,10,10,10,10,10,10,10,10,10,10,10,10,10,10,10,10,10,10,10,10,10,10
Кисловодск ЭОП 2.2 ОРИ-40,Kislovodsk,10312,"43,74032","42,653142","2,08351","0,7634125999","0,7444377642","3395,6436731049","3128,2719406191","4388,7316951243",10,10,10,10,10,10,10,10,10,10,10,10,10,10,10,10,10,10,10,10,10,10,10,10,10
Кисловодск ЭОП 2.2 Сантел-650А,Kislovodsk,10313,"43,74035883","42,65318283","2,08876","0,7634132776","0,7444384768","3395,6420389692","3128,2749086833","4388,7384429415",10,10,10,10,10,10,10,10,10,10,10,10,10,10,10,10,10,10,10,10,10,10,10,10,10
Благовещенск ЭОП-2.1 4xVT-78a,Blagoveshchensk,10314,"50,126617","127,722545","0,15988","0,8748745095","2,2291789393","-2506,8043517582","3240,7895211253","4871,9526038193",7,7,6,6,5,4,4,4,3,6,4,6,7,7,4,80,50,14,12,11,11,9,14,11,7
Благовещенск ЭОП-2.1 ОРИ-40,Blagoveshchensk,10315,"50,1265946","127,7224628","0,15943","0,8748741186","2,2291775046","-2506,8006957965","3240,7944018998","4871,950661082",3,3,3,3,4,4,9,2,4,2,4,3,1,1,2,2,3,16,7,8,9,6,3,9,3
Благовещенск ЭОП-2.1 САНТЕЛ-650,Blagoveshchensk,10316,"50,1265854","127,7223353","0,161172","0,874873958","2,2291752793","-2506,7946478837","3240,8014848521","4871,9513419355",2,3,2,3,3,2,6,3,1,3,1,1,1,1,1,2,1,2,6,7,5,2,4,3,2
Абрау-Дюрсо РКС ОРИ-25,Abrau-Dyurso,10320,"44,67437","37,58897","0,04711","0,7797148478","0,6560512889","3600,015912349","2771,2815866806","4461,7210223338",10,10,10,10,10,10,10,10,10,10,10,10,10,10,10,10,10,10,10,10,10,10,10,10,10
Научный-2 ЭОП-1.3 2хVT-78e,Nauchny-2,10321,"44,739034","34,01149","0,59033","0,7808434475","0,593612484","3762,053298794","2538,6348147179","4467,2105313109",10,10,10,10,10,10,10,10,10,10,10,10,10,10,10,10,10,10,10,10,10,10,10,10,10
Научный-2 ЭОП-1.3 САНТЕЛ-250,Nauchny-2,10322,"44,739097","34,011631","0,59037","0,780844547","0,5936149449","3762,0429897845","2538,6413319932","4467,2155328618",10,10,10,10,10,10,10,10,10,10,10,10,10,10,10,10,10,10,10,10,10,10,10,10,10
Научный-2 ЭОП-1.3 ОРИ-40,Nauchny-2,10323,"44,739046","34,011562","0,59535","0,7808436569","0,5936137406","3762,0522863021","2538,6410117369","4467,215012097",10,10,10,10,10,10,10,10,10,10,10,10,10,10,10,10,10,10,10,10,10,10,10,10,10
Научный-2 ЭОП-1.4 2xVT-78e,Nauchny-2,10331,"44,739074","34,011796","0,59263","0,7808441456","0,5936178247","3762,0385011097","2538,6540702667","4467,2153079454",10,10,10,10,10,10,10,10,10,10,10,10,10,10,10,10,10,10,10,10,10,10,10,10,10
Научный-2 ЭОП-1.4 САНТЕЛ-250,Nauchny-2,10332,"44,73907","34,011881","0,59304","0,7808440758","0,5936193082","3762,0352357205","2538,6599892946","4467,2152807647",10,10,10,10,10,10,10,10,10,10,10,10,10,10,10,10,10,10,10,10,10,10,10,10,10
Научный-2 ЭОП-1.4 ОРИ-40,Nauchny-2,10333,"44,739061","34,011835","0,59484","0,7808439187","0,5936185054","3762,0389173227","2538,6580779443","4467,2158372617",10,10,10,10,10,10,10,10,10,10,10,10,10,10,10,10,10,10,10,10,10,10,10,10,10
Чили HGB-500,Chile,10350,"-30,47113761","-70,76480392","1,573872","-0,5318216781","-1,2350788229","1813,0483730256","-5196,0861412329","-3216,2952958733",10,10,10,10,10,10,10,10,10,10,10,10,10,10,10,10,10,10,10,10,10,10,10,10,10
Благовещенск ОРИ-25,Blagoveshchensk,10376,"50,12665988","127,7229475","0,1617125","0,8748752579","2,2291859642","-2506,8255971673","3240,7699446647","4871,957068034",28,22,19,17,19,19,10,11,9,9,8,10,14,16,15,17,20,21,21,17,21,10,18,23,28
Благовещенск ОРИ-22,Blagoveshchensk,10377,"50,1266473","127,7228482","0,1618833838","0,8748750384","2,2291842311","-2506,8207046531","3240,775225382","4871,9563020822",30,23,22,20,21,22,20,23,21,19,19,15,16,14,15,17,18,21,19,18,22,17,19,21,30
Мульта VT-78a,Multa,10400,"50,172107","85,954873","0,951","0,8756684598","1,500195542","288,7847332777","4083,5914431613","4875,802594733",26,25,20,10,8,14,14,13,12,10,15,11,12,15,16,15,14,13,10,8,7,10,20,25,26
Мульта СШС-22,Multa,10401,"50,172082","85,954881","0,9511","0,8756680235","1,5001956816","288,7843182896","4083,5936779526","4875,8008902009",26,25,20,10,8,14,14,14,13,10,15,11,12,15,16,15,14,13,10,8,8,10,20,25,26
Абастумани,Abastumani,10507,"41,754583","42,8225","1,5757","0,7287549511","0,7473936189","3495,9564627346","3239,8421858072","4226,3570064127",10,10,10,10,10,10,10,10,10,10,10,10,10,10,10,10,10,10,10,10,10,10,10,10,10
Абастумани АС-32,Abastumani,10508,"41,7545829996","42,8224999997","1,5757","0,7287549511","0,7473936189","3495,9564627742","3239,8421858097","4226,3570063782",10,10,10,10,10,10,10,10,10,10,10,10,10,10,10,10,10,10,10,10,10,10,10,10,10
Абастумани ОРИ-22,Abastumani,10509,"41,753859","42,819662","1,5871","0,728742315","0,7473440865","3496,1624625406","3239,711205866","4226,3045939656",20,36,12,6,7,8,9,11,7,0,0,0,0,4,14,4,10,5,8,8,12,10,13,15,20
Звенигород САНТЕЛ-500,Zvenigorod,10517,"55,6930791648","36,7575286019","0,198","0,972027602","0,641539899","2886,8207557924","2156,2822030509","5245,4211126329",10,10,10,10,10,10,10,10,10,10,10,10,10,10,10,10,10,10,10,10,10,10,10,10,10
Лесосибирск ОРИ-22,Lesosibirsk,10526,"58,1833994818","92,5310171391","0,0930451","1,015491891","1,6149709093","-148,8540310653","3367,4838734406","5396,6136516548",60,60,60,1,5,7,8,10,10,15,15,18,20,20,25,30,30,35,40,40,50,60,60,60,60
Научный-1 ЗТШ,Nauchny-1,10531,"44,7278500093","34,0156666899","0,595","0,78064825","0,593685381","3762,5960904975","2539,4002880934","4466,3308373616",10,10,10,10,10,10,10,10,10,10,10,10,10,10,10,10,10,10,10,10,10,10,10,10,10
Научный-1 Цейсс-600,Nauchny-1,10532,"44,7295499751","34,0165999809","0,595","0,78067792","0,59370167","3762,4445194036","2539,3871951288","4466,4650613122",10,10,10,10,10,10,10,10,10,10,10,10,10,10,10,10,10,10,10,10,10,10,10,10,10
Научный-1 SRT-220,Nauchny-1,10533,"44,7263333327","34,0160399719","0,6128","0,780621779","0,593691896","3762,6883504138","2539,4982350314","4466,2236082931",10,10,10,10,10,10,10,10,10,10,10,10,10,10,10,10,10,10,10,10,10,10,10,10,10
Научный-1 РН-2а,Nauchny-1 PH-2а,10536,"44,7263333327","34,0160399719","0,6128","0,780621779","0,593691896","3762,6883504138","2539,4982350314","4466,2236082931",19,13,9,8,10,12,13,14,9,12,19,19,21,15,10,9,13,10,15,20,14,15,21,20,19
Научный-1 РН-2b,Nauchny-1 PH-2b,10537,"44,7263333327","34,0160399719","0,6128","0,780621779","0,593691896","3762,6883504138","2539,4982350314","4466,2236082931",15,13,19,23,24,25,26,24,23,19,29,37,44,29,21,9,10,13,16,17,23,24,20,20,15
Научный-1 ДИН-400,Nauchny-1,10539,0,0,0,0,0,0,0,0,10,10,10,10,10,10,10,10,10,10,10,10,10,10,10,10,10,10,10,10,10,10,10,10,10
Научный-2,Nauchny-2,10540,"44,729626","34,016533","0,6015","0,7806792469","0,593700501","3762,4463869815","2539,3820535571","4466,4756383644",10,10,10,10,10,10,10,10,10,10,10,10,10,10,10,10,10,10,10,10,10,10,10,10,10
Научный-2 SRT-220,Nauchny-2,10541,"44,7296141463","34,0165416538","0,6015","0,78067904","0,593700652","3762,446771912","2539,3831404872","4466,4747024492",10,10,10,10,10,10,10,10,10,10,10,10,10,10,10,10,10,10,10,10,10,10,10,10,10
Научный-2 HGB-500,Nauchny-2,10542,"44,739508","34,011737","0,5638","0,7808517203","0,593616795","3761,9959977967","2538,6197507574","4467,2292760013",10,10,10,10,10,10,10,10,10,10,10,10,10,10,10,10,10,10,10,10,10,10,10,10,10
Научный-2 GenonMax,Nauchny-2,10543,"44,7296978","34,0167282","0,594404","0,7806805","0,5937039078","3762,4289022576","2539,3889098496","4466,4763134765",15,5,5,5,5,5,5,5,5,12,14,16,20,20,21,25,28,30,50,45,40,35,30,15,15
Научный-2 GenonMax,Nauchny-2,10544,"44,739348","34,0111616","0,5633","0,7808489278","0,5936067523","3762,0315727718","2538,5887727321","4467,2162933447",10,10,10,10,10,10,10,10,10,10,10,10,10,10,10,10,10,10,10,10,10,10,10,10,10
Архыз ММТ Зел3,Arhyz,10550,"41,431877","43,649799","2,0726","0,7231226689","0,7618327104","3466,3029889404","3306,6653696775","4199,8742252946",10,10,10,10,10,10,10,10,10,10,10,10,10,10,10,10,10,10,10,10,10,10,10,10,10
Пико дос Диас OWL-75O,Pico dos Dias,10631,"-22,5350000036","-45,5827777533","1,864","-0,393309947","-0,795569554","4126,3118668696","-4211,118047776","-2429,9516775801",10,10,10,10,10,10,10,10,10,10,10,10,10,10,10,10,10,10,10,10,10,10,10,10,10
Пико дос Диас OWL-25,Pico dos Dias,10633,"-22,5350000036","-45,5827777533","1,864","-0,393309947","-0,795569554","4126,3118668696","-4211,118047776","-2429,9516775801",10,10,10,10,10,10,10,10,10,10,10,10,10,10,10,10,10,10,10,10,10,10,10,10,10
Пико дос Диас OWL-5,Pico dos Dias,10634,"-22,5350000036","-45,5827777533","1,864","-0,393309947","-0,795569554","4126,3118668696","-4211,118047776","-2429,9516775801",10,10,10,10,10,10,10,10,10,10,10,10,10,10,10,10,10,10,10,10,10,10,10,10,10
Андрушевка S-600,Andrushivka,10901,"50,0005559984","28,997306011","0,24","0,87267433","0,5060984641","3593,006016904","1991,4149152847","4863,0126416732",15,5,2,2,1,1,1,1,1,1,2,1,1,2,4,5,3,2,1,1,1,1,2,5,15
Андрушевка ОРИ-22,Andrushivka,10902,"50,0005559984","28,997306011","0,24","0,87267433","0,5060984641","3593,006016904","1991,4149152847","4863,0126416732",2,2,2,1,2,1,2,1,1,2,2,5,15,5,3,5,3,2,1,1,1,1,2,5,2
Андрушевка Цейсс-600,Andrushivka,10903,"50,000453","28,997463","0,233","0,8726725323","0,5061012041","3593,0043013464","1991,4268334138","4862,9999150834",10,10,10,10,10,10,10,10,10,10,10,10,10,10,10,10,10,10,10,10,10,10,10,10,10
Андрушевка,Andrushivka,10904,"50,000453","28,997463","0,233","0,8726725323","0,5061012041","3593,0043013464","1991,4268334138","4862,9999150834",10,10,10,10,10,10,10,10,10,10,10,10,10,10,10,10,10,10,10,10,10,10,10,10,10
Андрушевка ОРИ-50М,Andrushivka,10905,"50,000859","28,997964","0,22698","0,8726796184","0,5061099482","3592,9532451398","1991,4396039599","4863,0243317519",15,15,12,11,10,9,10,9,8,9,10,12,19,15,5,9,12,6,4,4,3,7,10,12,15
Ростов МИД-40,Rostov,10950,"47,1710679","39,765048","0,10622","0,8232904465","0,6940310148","3338,9898693592","2778,4924182138","4654,7921832717",10,10,10,10,10,10,10,10,10,10,10,10,10,10,10,10,10,10,10,10,10,10,10,10,10
Китаб RC-360,Kitab,10951,0,0,0,0,0,0,0,0,10,10,10,10,10,10,10,10,10,10,10,10,10,10,10,10,10,10,10,10,10,10,10,10,10
Тирасполь VT-53e,Tiraspol,10961,"46,833951","29,592439","0,0621","0,8174066467","0,5164854942","3801,0318971307","2158,6232217672","4629,201163121",21,15,10,1,1,1,1,1,1,1,1,1,1,1,1,1,1,1,1,5,10,15,17,20,21
Тирасполь SRT-220,Tiraspol,10962,"46,833941","29,592447","0,0621","0,8174064721","0,5164856339","3801,0323008002","2158,624152904","4629,2004025993",21,15,10,1,1,1,1,1,1,1,1,1,1,1,1,1,1,1,1,5,10,15,17,20,21
Тирасполь ОРИ-25,Tiraspol,10963,"46,833942","29,592437","0,0621","0,8174064896","0,5164854593","3801,0326070441","2158,6234494574","4629,2004786515",21,15,10,1,1,1,1,1,1,1,1,1,1,1,1,1,1,1,1,5,10,15,17,20,21
Тирасполь VT-78a,Tiraspol,10964,"46,833949","29,59244","0,0621","0,8174066118","0,5164855117","3801,0320004697","2158,6233681902","4629,2010110167",21,15,10,1,1,1,1,1,1,1,1,1,1,1,1,1,1,1,1,5,10,15,17,20,21
Тирасполь VT-78a,Tiraspol,10965,"46,833949","29,59244","0,0621","0,8174066118","0,5164855117","3801,0320004697","2158,6233681902","4629,2010110167",10,10,10,10,10,10,10,10,10,10,10,10,10,10,10,10,10,10,10,10,10,10,10,10,10
Благовещенск VT-53e,Blagoveshchensk,10970,"50,31883488","127,4822789","0,22564","0,8782293444","2,2249855048","-2483,2184037018","3238,2665379441","4885,6832440604",10,10,10,10,10,10,10,10,10,10,10,10,10,10,10,10,10,10,10,10,10,10,10,10,10
Кисловодск HGB-500,Kislovodsk,10982,"43,740534","42,653773","2,0875","0,7634163349","0,7444487772","3395,5992469104","3128,3001476686","4388,7516377557",10,10,10,10,10,10,10,10,10,10,10,10,10,10,10,10,10,10,10,10,10,10,10,10,10
Кисловодск VT-53e,Kislovodsk,10990,"43,740331","42,653458","2,0850013","0,7634127919","0,7444432795","3395,6265906234","3128,2908256625","4388,7336094856",10,10,10,10,10,10,10,10,10,10,10,10,10,10,10,10,10,10,10,10,10,10,10,10,10
Москва VT-53e,Moscow,10991,"55,80364","37,54794","0,1866","0,9739572526","0,6553351803","2848,728181008","2189,6954292799","5252,3400579411",10,10,10,10,10,10,10,10,10,10,10,10,10,10,10,10,10,10,10,10,10,10,10,10,10
Кисловодск ОРИ-25,Kislovodsk,10993,"43,740331","42,653458","2,0850013","0,7634127919","0,7444432795","3395,6265906234","3128,2908256625","4388,7336094856",10,10,10,10,10,10,10,10,10,10,10,10,10,10,10,10,10,10,10,10,10,10,10,10,10
Краснодар МАК-254,Krasnodar,10997,"45,020222","39,0307745","0,071","0,7857511039","0,6812155246","3508,1043235802","2843,9280900406","4488,9874394086",10,10,10,10,10,10,10,10,10,10,10,10,10,10,10,10,10,10,10,10,10,10,10,10,10
Вым2 VT-78a,Moscow,10998,"55,858133","37,43395","0,2282","0,9749083349","0,6533456795","2849,1113002332","2180,9863349566","5255,7821446281",10,10,10,10,10,10,10,10,10,10,10,10,10,10,10,10,10,10,10,10,10,10,10,10,10
Кейптаун Cosatrak-1,Capetown,11443,"-33,9405799979","18,5129399872","0,01","-0,592374871","0,323111757","5022,8427226988","1681,8811458488","-3540,9860697715",10,10,10,10,10,10,10,10,10,10,10,10,10,10,10,10,10,10,10,10,10,10,10,10,10
"Сайдинг-Спринг ASA 16"" Deltagraph",Siding spring,99920,"-31,2733055556","149,0698333333","1,118","-0,5458221499","2,6017594071","-4681,2226990433","2805,0025686932","-3292,4103564535",20,20,20,20,20,20,20,20,20,20,20,20,20,20,20,20,20,20,20,20,20,20,20,20,20
Нью-Мексико САНТЕЛ-400,New Mexico,99927,"32,903284","-105,52854","2,217","0,5742706405","-1,8418204778","-1435,5513885249","-5166,4363008621","3446,1623310816",17,17,17,16,16,16,16,16,16,15,15,14,14,14,15,15,16,16,16,16,16,17,17,17,17
Чугуев АЗТ-8,Chuguev,0,0,0,0,0,0,0,0,0,10,10,10,10,10,10,10,10,10,10,10,10,10,10,10,10,10,10,10,10,10,10,10,10,10
'Монды АЗТ-33ВМ',Mondy',10203,"51,620279","100,922956",2,"0,9009438293","1,761437873","-752,15869552","3897,4942935907","4978,2498497959",10,10,10,10,10,10,10,10,10,10,10,10,10,10,10,10,10,10,10,10,10,10,10,10,10
